{"cameraMode":{"drawMode":0,"name":"Shaded","section":"Shading Mode"},"sceneLighting":false,"audioPlay":false,"sceneViewState":{"showFog":true,"showMaterialUpdate":false,"showSkybox":true,"showFlares":true,"showImageEffects":true,"showParticleSystems":true},"in2DMode":false,"pivot":{"x":-0.04797172546386719,"y":0.835563600063324,"z":0.2878122329711914},"rotation":{"x":0.13411137461662293,"y":-0.10688306391239166,"z":0.014576009474694729,"w":0.9850775003433228},"size":23.334524154663087,"orthographic":false}