{"cameraMode":{"drawMode":0,"name":"Shaded","section":"Shading Mode"},"sceneLighting":false,"audioPlay":false,"sceneViewState":{"showFog":true,"showMaterialUpdate":false,"showSkybox":true,"showFlares":true,"showImageEffects":true,"showParticleSystems":true},"in2DMode":false,"pivot":{"x":0.37400001287460329,"y":1.246000051498413,"z":0.89000004529953},"rotation":{"x":-0.09700275212526322,"y":0.3634755313396454,"z":-0.03808484226465225,"w":-0.9257568120956421},"size":1.5467935800552369,"orthographic":false}