{"cameraMode":{"drawMode":0,"name":"Shaded","section":"Shading Mode"},"sceneLighting":true,"audioPlay":false,"sceneViewState":{"showFog":true,"showMaterialUpdate":false,"showSkybox":true,"showFlares":true,"showImageEffects":true,"showParticleSystems":true},"in2DMode":false,"pivot":{"x":6.498650074005127,"y":0.3191087245941162,"z":17.763614654541017},"rotation":{"x":0.056182123720645908,"y":0.23902679979801179,"z":-0.01385449431836605,"w":0.9692873358726502},"size":23.148283004760743,"orthographic":false}