{"cameraMode":{"drawMode":0,"name":"Shaded","section":"Shading Mode"},"sceneLighting":true,"audioPlay":false,"sceneViewState":{"showFog":true,"showMaterialUpdate":false,"showSkybox":true,"showFlares":true,"showImageEffects":true,"showParticleSystems":true},"in2DMode":false,"pivot":{"x":-31.311017990112306,"y":-4.621718406677246,"z":12.521336555480957},"rotation":{"x":-0.08268886059522629,"y":0.5901464819908142,"z":-0.06094113737344742,"w":-0.8007346391677856},"size":40.73341751098633,"orthographic":false}