{"cameraMode":{"drawMode":0,"name":"Shaded","section":"Shading Mode"},"sceneLighting":true,"audioPlay":false,"sceneViewState":{"showFog":true,"showMaterialUpdate":false,"showSkybox":true,"showFlares":true,"showImageEffects":true,"showParticleSystems":true},"in2DMode":false,"pivot":{"x":0.16648197174072267,"y":0.7182007431983948,"z":0.20617154240608216},"rotation":{"x":0.239103764295578,"y":0.29567596316337588,"z":-0.07667683809995651,"w":0.9216972589492798},"size":8.0214262008667,"orthographic":false}